unit_id,grade,subject,canonical_unit_name,term,estimated_hours,learning_objective,key_concepts,previous_learning,next_learning,curriculum_version_source,curriculum_version,status,data_origin
U101,1,国語,音読とひらがな,1,,ひらがなの読み書きと正しい発音,ひらがな・音読,,,令和6年度改訂,小学校学習指導要領（平成29年告示）／令和6年度使用教科書世代,needs_review,Gemini調査結果（要公式確認）
U102,1,国語,物語文の読解(1),1,,登場人物の行動を想像して読む,登場人物・場面,,,令和6年度改訂,小学校学習指導要領（平成29年告示）／令和6年度使用教科書世代,needs_review,Gemini調査結果（要公式確認）
U103,1,国語,説明文の読解(1),1,,事物の特徴や違いを読み取る,順序・特徴,,,令和6年度改訂,小学校学習指導要領（平成29年告示）／令和6年度使用教科書世代,needs_review,Gemini調査結果（要公式確認）
U104,1,国語,話す・聞く(1),1,,自分の経験を順序立てて話す,順序・音声,,,令和6年度改訂,小学校学習指導要領（平成29年告示）／令和6年度使用教科書世代,needs_review,Gemini調査結果（要公式確認）
U105,1,国語,書く(1),2,,経験したことを文章に書く,主語・述語,,,令和6年度改訂,小学校学習指導要領（平成29年告示）／令和6年度使用教科書世代,needs_review,Gemini調査結果（要公式確認）
U106,1,国語,漢字の基礎(1),2,,1年生の配当漢字を習得する,漢字の読み書き,,U201,令和6年度改訂,小学校学習指導要領（平成29年告示）／令和6年度使用教科書世代,needs_review,Gemini調査結果（要公式確認）
U107,1,国語,カタカナ,2,,カタカナの読み書きを習得する,外来語・カタカナ,,,令和6年度改訂,小学校学習指導要領（平成29年告示）／令和6年度使用教科書世代,needs_review,Gemini調査結果（要公式確認）
U108,1,国語,語彙・言葉遊び,2,,言葉の響きやリズムを楽しむ,語彙・リズム,,,令和6年度改訂,小学校学習指導要領（平成29年告示）／令和6年度使用教科書世代,needs_review,Gemini調査結果（要公式確認）
U109,1,国語,詩の鑑賞(1),3,,詩を読み想像を広げる,詩・連,,,令和6年度改訂,小学校学習指導要領（平成29年告示）／令和6年度使用教科書世代,needs_review,Gemini調査結果（要公式確認）
U110,1,国語,昔話の読解,3,,昔話に親しみ内容を楽しむ,昔話・伝承,,,令和6年度改訂,小学校学習指導要領（平成29年告示）／令和6年度使用教科書世代,needs_review,Gemini調査結果（要公式確認）
U111,1,算数,10までの数,1,,10までの数の概念を理解する,数の概念,,U116,令和6年度改訂,小学校学習指導要領（平成29年告示）／令和6年度使用教科書世代,needs_review,Gemini調査結果（要公式確認）
U112,1,算数,たし算(繰り上がりなし),1,,合併・増加のたし算を理解する,たし算・式,,U118,令和6年度改訂,小学校学習指導要領（平成29年告示）／令和6年度使用教科書世代,needs_review,Gemini調査結果（要公式確認）
U113,1,算数,ひき算(繰り下がりなし),1,,求残・求差のひき算を理解する,ひき算・式,,U119,令和6年度改訂,小学校学習指導要領（平成29年告示）／令和6年度使用教科書世代,needs_review,Gemini調査結果（要公式確認）
U114,1,算数,長さの比較,1,,直接比較による長さを理解する,長さ・比較,,U214,令和6年度改訂,小学校学習指導要領（平成29年告示）／令和6年度使用教科書世代,needs_review,Gemini調査結果（要公式確認）
U115,1,算数,かたちの基礎,1,,立体図形の特徴を捉える,かたち・図形,,U122,令和6年度改訂,小学校学習指導要領（平成29年告示）／令和6年度使用教科書世代,needs_review,Gemini調査結果（要公式確認）
U116,1,算数,20までの数,2,,10より大きい数の概念を理解する,10のまとまり,U111,U120,令和6年度改訂,小学校学習指導要領（平成29年告示）／令和6年度使用教科書世代,needs_review,Gemini調査結果（要公式確認）
U117,1,算数,3つの数の計算,2,,3つの数の加減算を理解する,連続計算,,,令和6年度改訂,小学校学習指導要領（平成29年告示）／令和6年度使用教科書世代,needs_review,Gemini調査結果（要公式確認）
U118,1,算数,たし算(繰り上がりあり),2,,繰り上がりのある加算を習得する,繰り上がり,U112,U212,令和6年度改訂,小学校学習指導要領（平成29年告示）／令和6年度使用教科書世代,needs_review,Gemini調査結果（要公式確認）
U119,1,算数,ひき算(繰り下がりあり),2,,繰り下がりのある減算を習得する,繰り下がり,U113,U213,令和6年度改訂,小学校学習指導要領（平成29年告示）／令和6年度使用教科書世代,needs_review,Gemini調査結果（要公式確認）
U120,1,算数,大きな数(100まで),3,,100までの数の構成を理解する,位取り,U116,U218,令和6年度改訂,小学校学習指導要領（平成29年告示）／令和6年度使用教科書世代,needs_review,Gemini調査結果（要公式確認）
U121,1,算数,時計の読み方,3,,何時・何時半の読み方を理解する,時計・時刻,,,令和6年度改訂,小学校学習指導要領（平成29年告示）／令和6年度使用教科書世代,needs_review,Gemini調査結果（要公式確認）
U122,1,算数,かたちづくり,3,,平面図形の構成を理解する,平面図形,U115,,令和6年度改訂,小学校学習指導要領（平成29年告示）／令和6年度使用教科書世代,needs_review,Gemini調査結果（要公式確認）
U201,2,国語,漢字の基礎(2),1,,2年生の配当漢字を習得する,漢字の読み書き,U106,U301,令和6年度改訂,小学校学習指導要領（平成29年告示）／令和6年度使用教科書世代,needs_review,Gemini調査結果（要公式確認）
U202,2,国語,物語文の読解(2),1,,場面の移り変わりを捉える,場面・心情,U102,U303,令和6年度改訂,小学校学習指導要領（平成29年告示）／令和6年度使用教科書世代,needs_review,Gemini調査結果（要公式確認）
U203,2,国語,説明文の読解(2),1,,事柄の順序を意識して読む,接続語・順序,U103,U304,令和6年度改訂,小学校学習指導要領（平成29年告示）／令和6年度使用教科書世代,needs_review,Gemini調査結果（要公式確認）
U204,2,国語,話す・聞く(2),2,,順序立てて分かりやすく話す,理由・順序,U104,,令和6年度改訂,小学校学習指導要領（平成29年告示）／令和6年度使用教科書世代,needs_review,Gemini調査結果（要公式確認）
U205,2,国語,書く(2),2,,主語と述語に気を付けて書く,文の構成,U105,,令和6年度改訂,小学校学習指導要領（平成29年告示）／令和6年度使用教科書世代,needs_review,Gemini調査結果（要公式確認）
U206,2,国語,観察記録の作成,2,,見たことや気付いたことを記録する,記録・観察,,,令和6年度改訂,小学校学習指導要領（平成29年告示）／令和6年度使用教科書世代,needs_review,Gemini調査結果（要公式確認）
U207,2,国語,詩の鑑賞(2),3,,様子を想像して音読する,情景・音読,U109,,令和6年度改訂,小学校学習指導要領（平成29年告示）／令和6年度使用教科書世代,needs_review,Gemini調査結果（要公式確認）
U208,2,国語,音読・暗唱,3,,リズムを楽しみながら暗唱する,暗唱,,,令和6年度改訂,小学校学習指導要領（平成29年告示）／令和6年度使用教科書世代,needs_review,Gemini調査結果（要公式確認）
U209,2,国語,語彙・反対語,3,,意味が対になる言葉を知る,語彙・対義語,,,令和6年度改訂,小学校学習指導要領（平成29年告示）／令和6年度使用教科書世代,needs_review,Gemini調査結果（要公式確認）
U210,2,国語,劇の表現,3,,役になりきって表現する,音声表現,,,令和6年度改訂,小学校学習指導要領（平成29年告示）／令和6年度使用教科書世代,needs_review,Gemini調査結果（要公式確認）
U211,2,算数,グラフと表の基礎,1,,簡単な表とグラフの読み方,表・グラフ,,,令和6年度改訂,小学校学習指導要領（平成29年告示）／令和6年度使用教科書世代,needs_review,Gemini調査結果（要公式確認）
U212,2,算数,たし算の筆算,1,,2位数のたし算の筆算を習得,筆算・位取り,U118,,令和6年度改訂,小学校学習指導要領（平成29年告示）／令和6年度使用教科書世代,needs_review,Gemini調査結果（要公式確認）
U213,2,算数,ひき算の筆算,1,,2位数のひき算の筆算を習得,筆算・位取り,U119,,令和6年度改訂,小学校学習指導要領（平成29年告示）／令和6年度使用教科書世代,needs_review,Gemini調査結果（要公式確認）
U214,2,算数,長さの単位(cm/mm),2,,普遍単位による長さを理解する,単位・測定,U114,U315,令和6年度改訂,小学校学習指導要領（平成29年告示）／令和6年度使用教科書世代,needs_review,Gemini調査結果（要公式確認）
U215,2,算数,水の量の単位(L/dL),2,,かさの単位を理解する,単位・かさ,,,令和6年度改訂,小学校学習指導要領（平成29年告示）／令和6年度使用教科書世代,needs_review,Gemini調査結果（要公式確認）
U216,2,算数,かけ算の基礎,2,,累加としてのかけ算を理解する,乗法・倍,,U217,令和6年度改訂,小学校学習指導要領（平成29年告示）／令和6年度使用教科書世代,needs_review,Gemini調査結果（要公式確認）
U217,2,算数,かけ算九九,2,,乗法九九を暗記し活用する,九九,U216,U311,令和6年度改訂,小学校学習指導要領（平成29年告示）／令和6年度使用教科書世代,needs_review,Gemini調査結果（要公式確認）
U218,2,算数,1000までの数,3,,3位数の構成を理解する,十進位取り,U120,U219,令和6年度改訂,小学校学習指導要領（平成29年告示）／令和6年度使用教科書世代,needs_review,Gemini調査結果（要公式確認）
U219,2,算数,10000までの数,3,,4位数の構成を理解する,十進位取り,U218,,令和6年度改訂,小学校学習指導要領（平成29年告示）／令和6年度使用教科書世代,needs_review,Gemini調査結果（要公式確認）
U220,2,算数,分数の基礎,3,,等分の意味としての分数を理解,分数・等分,,U319,令和6年度改訂,小学校学習指導要領（平成29年告示）／令和6年度使用教科書世代,needs_review,Gemini調査結果（要公式確認）
U221,2,算数,箱の形,3,,頂点や辺の構成を理解する,立体図形,,,令和6年度改訂,小学校学習指導要領（平成29年告示）／令和6年度使用教科書世代,needs_review,Gemini調査結果（要公式確認）
U301,3,国語,漢字の基礎(3),1,,3年生の配当漢字を習得する,漢字・部首,U201,U401,令和6年度改訂,小学校学習指導要領（平成29年告示）／令和6年度使用教科書世代,needs_review,Gemini調査結果（要公式確認）
U302,3,国語,国語辞典の活用,1,,辞書の引き方を習得する,五十音順,,U402,令和6年度改訂,小学校学習指導要領（平成29年告示）／令和6年度使用教科書世代,needs_review,Gemini調査結果（要公式確認）
U303,3,国語,物語文の読解(3),1,,登場人物の気持ちの変化を読む,心情変化,U202,U403,令和6年度改訂,小学校学習指導要領（平成29年告示）／令和6年度使用教科書世代,needs_review,Gemini調査結果（要公式確認）
U304,3,国語,説明文の読解(3),1,,段落の役割を理解して読む,段落・中心文,U203,U404,令和6年度改訂,小学校学習指導要領（平成29年告示）／令和6年度使用教科書世代,needs_review,Gemini調査結果（要公式確認）
U305,3,国語,話す・聞く(3),2,,筋道を立てて話す・聞く,筋道・論理,U204,,令和6年度改訂,小学校学習指導要領（平成29年告示）／令和6年度使用教科書世代,needs_review,Gemini調査結果（要公式確認）
U306,3,国語,報告文の作成,2,,調べたことをまとめて報告する,報告・要約,,,令和6年度改訂,小学校学習指導要領（平成29年告示）／令和6年度使用教科書世代,needs_review,Gemini調査結果（要公式確認）
U307,3,国語,ローマ字の読み書き,2,,訓令式ローマ字を習得する,ローマ字,,,令和6年度改訂,小学校学習指導要領（平成29年告示）／令和6年度使用教科書世代,needs_review,Gemini調査結果（要公式確認）
U308,3,国語,詩の鑑賞(3),3,,表現の工夫を味わう,比喩・擬人化,U207,,令和6年度改訂,小学校学習指導要領（平成29年告示）／令和6年度使用教科書世代,needs_review,Gemini調査結果（要公式確認）
U309,3,国語,語彙・ことわざ,3,,ことわざ・慣用句に親しむ,ことわざ,,,令和6年度改訂,小学校学習指導要領（平成29年告示）／令和6年度使用教科書世代,needs_review,Gemini調査結果（要公式確認）
U310,3,国語,読書へのアニマシオン,3,,読書の幅を広げる,読書・推薦,,,令和6年度改訂,小学校学習指導要領（平成29年告示）／令和6年度使用教科書世代,needs_review,Gemini調査結果（要公式確認）
U311,3,算数,かけ算の筆算(1),1,,何十・何百のかけ算を理解する,乗法・筆算,U217,U411,令和6年度改訂,小学校学習指導要領（平成29年告示）／令和6年度使用教科書世代,needs_review,Gemini調査結果（要公式確認）
U312,3,算数,わり算の基礎,1,,等分除・包含除を理解する,除法,,U313,令和6年度改訂,小学校学習指導要領（平成29年告示）／令和6年度使用教科書世代,needs_review,Gemini調査結果（要公式確認）
U313,3,算数,余りのあるわり算,1,,余りの意味と処理を理解する,余り,U312,U411,令和6年度改訂,小学校学習指導要領（平成29年告示）／令和6年度使用教科書世代,needs_review,Gemini調査結果（要公式確認）
U314,3,算数,たし算・ひき算の筆算(応用),2,,3位数・4位数の筆算,大きな数の計算,U212,,令和6年度改訂,小学校学習指導要領（平成29年告示）／令和6年度使用教科書世代,needs_review,Gemini調査結果（要公式確認）
U315,3,算数,長さの単位(km),2,,キロメートルの概念を理解する,単位・測定,U214,,令和6年度改訂,小学校学習指導要領（平成29年告示）／令和6年度使用教科書世代,needs_review,Gemini調査結果（要公式確認）
U316,3,算数,重さの単位(g/kg),2,,重さの単位と測定を理解する,単位・測定,,,令和6年度改訂,小学校学習指導要領（平成29年告示）／令和6年度使用教科書世代,needs_review,Gemini調査結果（要公式確認）
U317,3,算数,円と球,2,,中心・半径・直径の性質,平面・立体,,,令和6年度改訂,小学校学習指導要領（平成29年告示）／令和6年度使用教科書世代,needs_review,Gemini調査結果（要公式確認）
U318,3,算数,小数の基礎,3,,端数の表現としての小数,小数・位,,U416,令和6年度改訂,小学校学習指導要領（平成29年告示）／令和6年度使用教科書世代,needs_review,Gemini調査結果（要公式確認）
U319,3,算数,分数の基礎(同分母),3,,量としての分数を理解する,分数・分子,U220,U418,令和6年度改訂,小学校学習指導要領（平成29年告示）／令和6年度使用教科書世代,needs_review,Gemini調査結果（要公式確認）
U320,3,算数,棒グラフ,3,,棒グラフの読み取りと作成,グラフ・目盛り,U211,,令和6年度改訂,小学校学習指導要領（平成29年告示）／令和6年度使用教科書世代,needs_review,Gemini調査結果（要公式確認）
U321,3,算数,表とグラフ,3,,二次元表の読み取り,表・整理,,,令和6年度改訂,小学校学習指導要領（平成29年告示）／令和6年度使用教科書世代,needs_review,Gemini調査結果（要公式確認）
U322,3,算数,三角形と角,3,,二等辺三角形と正三角形,図形・角,,U413,令和6年度改訂,小学校学習指導要領（平成29年告示）／令和6年度使用教科書世代,needs_review,Gemini調査結果（要公式確認）
U331,3,理科,昆虫の育ち方,1,,チョウ等の成長過程を観察する,卵・幼虫・さなぎ,,U433,令和6年度改訂,小学校学習指導要領（平成29年告示）／令和6年度使用教科書世代,needs_review,Gemini調査結果（要公式確認）
U332,3,理科,植物の育ち方,1,,種子から結実までの成長を観察,発芽・成長・結実,,U432,令和6年度改訂,小学校学習指導要領（平成29年告示）／令和6年度使用教科書世代,needs_review,Gemini調査結果（要公式確認）
U333,3,理科,身近な自然の観察,1,,身の回りの生物と環境を観察,生物・環境,,,令和6年度改訂,小学校学習指導要領（平成29年告示）／令和6年度使用教科書世代,needs_review,Gemini調査結果（要公式確認）
U334,3,理科,太陽と影,2,,太陽の動きと影の変化を捉える,太陽・影・方位,,U435,令和6年度改訂,小学校学習指導要領（平成29年告示）／令和6年度使用教科書世代,needs_review,Gemini調査結果（要公式確認）
U335,3,理科,光の性質,2,,光の直進・反射・集光を調べる,直進・反射,,,令和6年度改訂,小学校学習指導要領（平成29年告示）／令和6年度使用教科書世代,needs_review,Gemini調査結果（要公式確認）
U336,3,理科,音の性質,2,,音の大きさと震え方の関係,振動・伝達,,,令和6年度改訂,小学校学習指導要領（平成29年告示）／令和6年度使用教科書世代,needs_review,Gemini調査結果（要公式確認）
U337,3,理科,磁石の性質,3,,磁石の極の性質を調べる,N極・S極・引力,,U539,令和6年度改訂,小学校学習指導要領（平成29年告示）／令和6年度使用教科書世代,needs_review,Gemini調査結果（要公式確認）
U338,3,理科,物の重さ,3,,形や体積と重さの関係を調べる,質量・体積,,U438,令和6年度改訂,小学校学習指導要領（平成29年告示）／令和6年度使用教科書世代,needs_review,Gemini調査結果（要公式確認）
U341,3,社会,わたしたちのまちの様子,1,,学校の周辺の様子を調べる,地図記号・方位,,U441,令和6年度改訂,小学校学習指導要領（平成29年告示）／令和6年度使用教科書世代,needs_review,Gemini調査結果（要公式確認）
U342,3,社会,まちの地理的環境,1,,地形と土地利用の関係を学ぶ,地形・土地利用,,,令和6年度改訂,小学校学習指導要領（平成29年告示）／令和6年度使用教科書世代,needs_review,Gemini調査結果（要公式確認）
U343,3,社会,はたらく人とくらし(商業),2,,スーパーマーケット等の工夫,販売・消費者,,,令和6年度改訂,小学校学習指導要領（平成29年告示）／令和6年度使用教科書世代,needs_review,Gemini調査結果（要公式確認）
U344,3,社会,はたらく人とくらし(農業・工業),2,,地域の生産活動を調べる,生産・流通,,U542,令和6年度改訂,小学校学習指導要領（平成29年告示）／令和6年度使用教科書世代,needs_review,Gemini調査結果（要公式確認）
U345,3,社会,事故や事件からまちを守る,3,,警察の働きを調べる,警察・安全,,,令和6年度改訂,小学校学習指導要領（平成29年告示）／令和6年度使用教科書世代,needs_review,Gemini調査結果（要公式確認）
U346,3,社会,火事からまちを守る,3,,消防の働きを調べる,消防・防災,,,令和6年度改訂,小学校学習指導要領（平成29年告示）／令和6年度使用教科書世代,needs_review,Gemini調査結果（要公式確認）
U347,3,社会,市のうつりかわり,3,,市の発展と歴史を学ぶ,歴史・発展,,,令和6年度改訂,小学校学習指導要領（平成29年告示）／令和6年度使用教科書世代,needs_review,Gemini調査結果（要公式確認）
U351,3,外国語活動,挨拶と自己紹介,1,,基本的な挨拶と名前を伝える,Greeting,,,令和6年度改訂,小学校学習指導要領（平成29年告示）／令和6年度使用教科書世代,needs_review,Gemini調査結果（要公式確認）
U352,3,外国語活動,気分・状態の表現,1,,How are you? と答える,Feelings,,,令和6年度改訂,小学校学習指導要領（平成29年告示）／令和6年度使用教科書世代,needs_review,Gemini調査結果（要公式確認）
U353,3,外国語活動,数(1-20)と遊び,1,,1から20までの数を英語で言う,Numbers,,,令和6年度改訂,小学校学習指導要領（平成29年告示）／令和6年度使用教科書世代,needs_review,Gemini調査結果（要公式確認）
U354,3,外国語活動,好きなもの(色・スポーツ),2,,What do you like? の表現,Likes/Colors,,,令和6年度改訂,小学校学習指導要領（平成29年告示）／令和6年度使用教科書世代,needs_review,Gemini調査結果（要公式確認）
U355,3,外国語活動,アルファベット(大文字)の認識,2,,大文字の形と読み方に親しむ,Alphabet,,U454,令和6年度改訂,小学校学習指導要領（平成29年告示）／令和6年度使用教科書世代,needs_review,Gemini調査結果（要公式確認）
U356,3,外国語活動,何か尋ねる表現,3,,What's this? で尋ねる,Questions,,,令和6年度改訂,小学校学習指導要領（平成29年告示）／令和6年度使用教科書世代,needs_review,Gemini調査結果（要公式確認）
U401,4,国語,漢字の基礎(4),1,,4年生の配当漢字を習得する,漢字・部首,U301,U501,令和6年度改訂,小学校学習指導要領（平成29年告示）／令和6年度使用教科書世代,needs_review,Gemini調査結果（要公式確認）
U402,4,国語,漢字辞典の活用,1,,部首・画数からの引き方,漢字辞典,U302,,令和6年度改訂,小学校学習指導要領（平成29年告示）／令和6年度使用教科書世代,needs_review,Gemini調査結果（要公式確認）
U403,4,国語,物語文の読解(4),1,,情景描写から心情を深く読む,情景・主題,U303,U503,令和6年度改訂,小学校学習指導要領（平成29年告示）／令和6年度使用教科書世代,needs_review,Gemini調査結果（要公式確認）
U404,4,国語,説明文の読解(4),1,,要約しながら論理展開を読む,要約・筆者の考え,U304,U504,令和6年度改訂,小学校学習指導要領（平成29年告示）／令和6年度使用教科書世代,needs_review,Gemini調査結果（要公式確認）
U405,4,国語,話す・聞く(4),2,,相手を意識して対話する,対話・質問,U305,,令和6年度改訂,小学校学習指導要領（平成29年告示）／令和6年度使用教科書世代,needs_review,Gemini調査結果（要公式確認）
U406,4,国語,パンフレット・新聞の作成,2,,割り付けを考えて表現する,編集・見出し,U306,,令和6年度改訂,小学校学習指導要領（平成29年告示）／令和6年度使用教科書世代,needs_review,Gemini調査結果（要公式確認）
U407,4,国語,伝統的な言語文化(百人一首),2,,古典のリズムに親しむ,百人一首,,U507,令和6年度改訂,小学校学習指導要領（平成29年告示）／令和6年度使用教科書世代,needs_review,Gemini調査結果（要公式確認）
U408,4,国語,詩の鑑賞(4),3,,言葉の響きやリズムを味わう,表現技法,U308,,令和6年度改訂,小学校学習指導要領（平成29年告示）／令和6年度使用教科書世代,needs_review,Gemini調査結果（要公式確認）
U409,4,国語,語彙・慣用句,3,,慣用句の意味と使い方を知る,慣用句,,,令和6年度改訂,小学校学習指導要領（平成29年告示）／令和6年度使用教科書世代,needs_review,Gemini調査結果（要公式確認）
U410,4,国語,アンケート結果の報告,3,,データを基に文章を書く,客観的記述,,,令和6年度改訂,小学校学習指導要領（平成29年告示）／令和6年度使用教科書世代,needs_review,Gemini調査結果（要公式確認）
U411,4,算数,わり算の筆算(1桁),1,,わる数が1桁の筆算を習得,筆算・商,U313,U412,令和6年度改訂,小学校学習指導要領（平成29年告示）／令和6年度使用教科書世代,needs_review,Gemini調査結果（要公式確認）
U412,4,算数,わり算の筆算(2桁),1,,わる数が2桁の筆算を習得,仮商・修正,U411,U515,令和6年度改訂,小学校学習指導要領（平成29年告示）／令和6年度使用教科書世代,needs_review,Gemini調査結果（要公式確認）
U413,4,算数,角の大きさ,1,,分度器による角度の測定,度・回転,U322,,令和6年度改訂,小学校学習指導要領（平成29年告示）／令和6年度使用教科書世代,needs_review,Gemini調査結果（要公式確認）
U414,4,算数,折れ線グラフ,2,,変化の様子をグラフで表す,変化・傾き,,,令和6年度改訂,小学校学習指導要領（平成29年告示）／令和6年度使用教科書世代,needs_review,Gemini調査結果（要公式確認）
U415,4,算数,面積の単位,2,,面積の公式と普遍単位,平方センチ・公式,,,令和6年度改訂,小学校学習指導要領（平成29年告示）／令和6年度使用教科書世代,needs_review,Gemini調査結果（要公式確認）
U416,4,算数,小数のたし算・ひき算,2,,小数の仕組みと加減算,小数第2位,U318,U417,令和6年度改訂,小学校学習指導要領（平成29年告示）／令和6年度使用教科書世代,needs_review,Gemini調査結果（要公式確認）
U417,4,算数,小数のかけ算・わり算の基礎,3,,小数と整数の乗除算,小数計算,U416,U514,令和6年度改訂,小学校学習指導要領（平成29年告示）／令和6年度使用教科書世代,needs_review,Gemini調査結果（要公式確認）
U418,4,算数,分数のたし算・ひき算(同分母),3,,真分数・帯分数の加減算,帯分数・仮分数,U319,U518,令和6年度改訂,小学校学習指導要領（平成29年告示）／令和6年度使用教科書世代,needs_review,Gemini調査結果（要公式確認）
U419,4,算数,垂直・平行と四角形,3,,図形の構成要素の関係性,垂直・平行,,,令和6年度改訂,小学校学習指導要領（平成29年告示）／令和6年度使用教科書世代,needs_review,Gemini調査結果（要公式確認）
U420,4,算数,直方体と立方体,3,,空間における垂直・平行,見取図・展開図,U221,,令和6年度改訂,小学校学習指導要領（平成29年告示）／令和6年度使用教科書世代,needs_review,Gemini調査結果（要公式確認）
U421,4,算数,伴って変わる量,3,,2つの量の変化の関係,関数的思考,,U513,令和6年度改訂,小学校学習指導要領（平成29年告示）／令和6年度使用教科書世代,needs_review,Gemini調査結果（要公式確認）
U422,4,算数,そろばん,3,,そろばんの基礎的な操作,そろばん,,,令和6年度改訂,小学校学習指導要領（平成29年告示）／令和6年度使用教科書世代,needs_review,Gemini調査結果（要公式確認）
U431,4,理科,季節と生物,1,,四季を通じた動植物の変化観察,気候・生態,,,令和6年度改訂,小学校学習指導要領（平成29年告示）／令和6年度使用教科書世代,needs_review,Gemini調査結果（要公式確認）
U432,4,理科,天気と気温の変化,1,,1日の気温変化と天気の関係,気温・百葉箱,U334,U531,令和6年度改訂,小学校学習指導要領（平成29年告示）／令和6年度使用教科書世代,needs_review,Gemini調査結果（要公式確認）
U433,4,理科,動物のからだのつくりと運動,1,,骨や筋肉のはたらきを学ぶ,骨格・筋肉,,U632,令和6年度改訂,小学校学習指導要領（平成29年告示）／令和6年度使用教科書世代,needs_review,Gemini調査結果（要公式確認）
U434,4,理科,電池のはたらき,2,,直列・並列つなぎと電流,回路・電流,,U539,令和6年度改訂,小学校学習指導要領（平成29年告示）／令和6年度使用教科書世代,needs_review,Gemini調査結果（要公式確認）
U435,4,理科,星と月の動き,2,,夜空の星と月の観察,星座・動き,U334,U635,令和6年度改訂,小学校学習指導要領（平成29年告示）／令和6年度使用教科書世代,needs_review,Gemini調査結果（要公式確認）
U436,4,理科,閉じ込めた空気と水,2,,圧力による体積の変化,空気・水・圧力,,,令和6年度改訂,小学校学習指導要領（平成29年告示）／令和6年度使用教科書世代,needs_review,Gemini調査結果（要公式確認）
U437,4,理科,物のあたたまり方,3,,金属・水・空気の熱の伝わり方,伝導・対流,,,令和6年度改訂,小学校学習指導要領（平成29年告示）／令和6年度使用教科書世代,needs_review,Gemini調査結果（要公式確認）
U438,4,理科,水のすがたと温度,3,,沸騰・氷結による状態変化,沸点・氷点・状態変化,U338,,令和6年度改訂,小学校学習指導要領（平成29年告示）／令和6年度使用教科書世代,needs_review,Gemini調査結果（要公式確認）
U439,4,理科,自然の観察まとめ,3,,1年間の自然観察のまとめ,総合観察,U431,,令和6年度改訂,小学校学習指導要領（平成29年告示）／令和6年度使用教科書世代,needs_review,Gemini調査結果（要公式確認）
U441,4,社会,わたしたちの県の様子,1,,県の地形や交通の広がり,都道府県・県庁,U341,U541,令和6年度改訂,小学校学習指導要領（平成29年告示）／令和6年度使用教科書世代,needs_review,Gemini調査結果（要公式確認）
U442,4,社会,飲料水のゆくえ,1,,浄水場の働きと水の循環,インフラ・水道,,,令和6年度改訂,小学校学習指導要領（平成29年告示）／令和6年度使用教科書世代,needs_review,Gemini調査結果（要公式確認）
U443,4,社会,ごみの処理と利用,1,,清掃工場の働きとリサイクル,環境保全・3R,,,令和6年度改訂,小学校学習指導要領（平成29年告示）／令和6年度使用教科書世代,needs_review,Gemini調査結果（要公式確認）
U444,4,社会,自然災害からくらしを守る,2,,地震や水害への備えと対策,防災・ハザードマップ,,U544,令和6年度改訂,小学校学習指導要領（平成29年告示）／令和6年度使用教科書世代,needs_review,Gemini調査結果（要公式確認）
U445,4,社会,県内の特色ある地域,2,,地場産業や観光地の学習,伝統産業・地域おこし,,,令和6年度改訂,小学校学習指導要領（平成29年告示）／令和6年度使用教科書世代,needs_review,Gemini調査結果（要公式確認）
U446,4,社会,きょう土の伝統・文化,3,,地域の文化財や年中行事,文化財保護,,,令和6年度改訂,小学校学習指導要領（平成29年告示）／令和6年度使用教科書世代,needs_review,Gemini調査結果（要公式確認）
U451,4,外国語活動,天気と曜日,1,,天候と曜日の表現を学ぶ,Weather/Days,,,令和6年度改訂,小学校学習指導要領（平成29年告示）／令和6年度使用教科書世代,needs_review,Gemini調査結果（要公式確認）
U452,4,外国語活動,時間の表現,1,,What time is it? を学ぶ,Time,,,令和6年度改訂,小学校学習指導要領（平成29年告示）／令和6年度使用教科書世代,needs_review,Gemini調査結果（要公式確認）
U453,4,外国語活動,持ち物の確認,2,,Do you have ~? の表現,Stationery,,,令和6年度改訂,小学校学習指導要領（平成29年告示）／令和6年度使用教科書世代,needs_review,Gemini調査結果（要公式確認）
U454,4,外国語活動,アルファベット(小文字)の認識,2,,小文字の形と大文字の対応,Lowercase,U355,U551,令和6年度改訂,小学校学習指導要領（平成29年告示）／令和6年度使用教科書世代,needs_review,Gemini調査結果（要公式確認）
U455,4,外国語活動,欲しいもの,3,,What do you want? で尋ねる,Food/Desire,,,令和6年度改訂,小学校学習指導要領（平成29年告示）／令和6年度使用教科書世代,needs_review,Gemini調査結果（要公式確認）
U456,4,外国語活動,自分の1日の生活,3,,This is my day. で表現する,Daily routine,,U652,令和6年度改訂,小学校学習指導要領（平成29年告示）／令和6年度使用教科書世代,needs_review,Gemini調査結果（要公式確認）
U501,5,国語,漢字の基礎(5),1,,5年生の配当漢字を習得する,同音異義語・熟語,U401,U601,令和6年度改訂,小学校学習指導要領（平成29年告示）／令和6年度使用教科書世代,needs_review,Gemini調査結果（要公式確認）
U502,5,国語,敬語の基礎,1,,尊敬語・謙譲語・丁寧語の理解,敬語,,,令和6年度改訂,小学校学習指導要領（平成29年告示）／令和6年度使用教科書世代,needs_review,Gemini調査結果（要公式確認）
U503,5,国語,物語文の読解(5),1,,視点や構成を意識して読む,視点・伏線,U403,U602,令和6年度改訂,小学校学習指導要領（平成29年告示）／令和6年度使用教科書世代,needs_review,Gemini調査結果（要公式確認）
U504,5,国語,説明文の読解(5),1,,論の進め方や意図を評価する,論理展開,U404,U603,令和6年度改訂,小学校学習指導要領（平成29年告示）／令和6年度使用教科書世代,needs_review,Gemini調査結果（要公式確認）
U505,5,国語,意見文の作成,2,,事実と意見を区別して書く,根拠・構成,,U605,令和6年度改訂,小学校学習指導要領（平成29年告示）／令和6年度使用教科書世代,needs_review,Gemini調査結果（要公式確認）
U506,5,国語,討論の基礎,2,,異なる立場から意見を述べる,討論・説得力,,U606,令和6年度改訂,小学校学習指導要領（平成29年告示）／令和6年度使用教科書世代,needs_review,Gemini調査結果（要公式確認）
U507,5,国語,古典への案内(竹取物語等),2,,古文特有の表現に親しむ,古典文学,U407,U607,令和6年度改訂,小学校学習指導要領（平成29年告示）／令和6年度使用教科書世代,needs_review,Gemini調査結果（要公式確認）
U508,5,国語,情報の扱い(引用),3,,著作権と引用のルールを学ぶ,引用・出典,,,令和6年度改訂,小学校学習指導要領（平成29年告示）／令和6年度使用教科書世代,needs_review,Gemini調査結果（要公式確認）
U509,5,国語,詩の鑑賞(5),3,,比喩などの表現効果を考える,表現技法,U408,,令和6年度改訂,小学校学習指導要領（平成29年告示）／令和6年度使用教科書世代,needs_review,Gemini調査結果（要公式確認）
U510,5,国語,メディアリテラシーの基礎,3,,多様なメディアの特性を知る,メディア,,,令和6年度改訂,小学校学習指導要領（平成29年告示）／令和6年度使用教科書世代,needs_review,Gemini調査結果（要公式確認）
U511,5,算数,整数と小数の仕組み,1,,10倍・100倍・1/10の位取り,十進構造,,,令和6年度改訂,小学校学習指導要領（平成29年告示）／令和6年度使用教科書世代,needs_review,Gemini調査結果（要公式確認）
U512,5,算数,体積の単位,1,,立体の体積の公式と計算,立方センチ・公式,U420,U618,令和6年度改訂,小学校学習指導要領（平成29年告示）／令和6年度使用教科書世代,needs_review,Gemini調査結果（要公式確認）
U513,5,算数,比例の基礎,1,,2つの量の比例関係の初期理解,比例,U421,U619,令和6年度改訂,小学校学習指導要領（平成29年告示）／令和6年度使用教科書世代,needs_review,Gemini調査結果（要公式確認）
U514,5,算数,小数のかけ算,1,,乗数が小数の場合の意味と計算,小数乗法,U417,,令和6年度改訂,小学校学習指導要領（平成29年告示）／令和6年度使用教科書世代,needs_review,Gemini調査結果（要公式確認）
U515,5,算数,小数のわり算,2,,除数が小数の場合の意味と計算,小数除法,U412,,令和6年度改訂,小学校学習指導要領（平成29年告示）／令和6年度使用教科書世代,needs_review,Gemini調査結果（要公式確認）
U516,5,算数,合同な図形,2,,図形の合同条件と作図,合同・対応,,U611,令和6年度改訂,小学校学習指導要領（平成29年告示）／令和6年度使用教科書世代,needs_review,Gemini調査結果（要公式確認）
U517,5,算数,整数の性質(倍数・約数),2,,公倍数・公約数の理解,倍数・約数,,U518,令和6年度改訂,小学校学習指導要領（平成29年告示）／令和6年度使用教科書世代,needs_review,Gemini調査結果（要公式確認）
U518,5,算数,分数のたし算・ひき算(異分母),2,,通分と約分を用いた加減算,通分・約分,U418,U613,令和6年度改訂,小学校学習指導要領（平成29年告示）／令和6年度使用教科書世代,needs_review,Gemini調査結果（要公式確認）
U519,5,算数,平均,2,,ならした大きさの概念,平均値,,,令和6年度改訂,小学校学習指導要領（平成29年告示）／令和6年度使用教科書世代,needs_review,Gemini調査結果（要公式確認）
U520,5,算数,単位量当たりの大きさ,3,,人口密度や速さの概念,単位量・速さ,,U521,令和6年度改訂,小学校学習指導要領（平成29年告示）／令和6年度使用教科書世代,needs_review,Gemini調査結果（要公式確認）
U521,5,算数,割合,3,,基準量・比較量・割合の関係,割合・百分率,U520,,令和6年度改訂,小学校学習指導要領（平成29年告示）／令和6年度使用教科書世代,needs_review,Gemini調査結果（要公式確認）
U522,5,算数,円と正多角形,3,,円周率と円周の長さの計算,円周率,,U617,令和6年度改訂,小学校学習指導要領（平成29年告示）／令和6年度使用教科書世代,needs_review,Gemini調査結果（要公式確認）
U523,5,算数,帯グラフと円グラフ,3,,割合を表すグラフの読み書き,割合のグラフ,U521,,令和6年度改訂,小学校学習指導要領（平成29年告示）／令和6年度使用教科書世代,needs_review,Gemini調査結果（要公式確認）
U524,5,算数,角柱と円柱,3,,柱体図形の性質と展開図,立体図形,,,令和6年度改訂,小学校学習指導要領（平成29年告示）／令和6年度使用教科書世代,needs_review,Gemini調査結果（要公式確認）
U531,5,理科,天気の変化,1,,雲の動きと天気の予測,気象情報・雲画像,U432,,令和6年度改訂,小学校学習指導要領（平成29年告示）／令和6年度使用教科書世代,needs_review,Gemini調査結果（要公式確認）
U532,5,理科,植物の発芽と成長,1,,発芽の条件と成長の条件,水・空気・温度・日光,U332,,令和6年度改訂,小学校学習指導要領（平成29年告示）／令和6年度使用教科書世代,needs_review,Gemini調査結果（要公式確認）
U533,5,理科,メダカの誕生,1,,卵の発生と成長過程の観察,受精卵・ふ化,,U632,令和6年度改訂,小学校学習指導要領（平成29年告示）／令和6年度使用教科書世代,needs_review,Gemini調査結果（要公式確認）
U534,5,理科,台風と防災,2,,台風の動きと水害への備え,気象災害・防災,U531,,令和6年度改訂,小学校学習指導要領（平成29年告示）／令和6年度使用教科書世代,needs_review,Gemini調査結果（要公式確認）
U535,5,理科,花から実へ,2,,受粉と結実の仕組み,おしべ・めしべ・花粉,,,令和6年度改訂,小学校学習指導要領（平成29年告示）／令和6年度使用教科書世代,needs_review,Gemini調査結果（要公式確認）
U536,5,理科,流れる水のはたらき,2,,浸食・運搬・堆積の作用,川の上流と下流,,U636,令和6年度改訂,小学校学習指導要領（平成29年告示）／令和6年度使用教科書世代,needs_review,Gemini調査結果（要公式確認）
U537,5,理科,振り子の運動,3,,振り子の等時性と周期の条件,周期・長さ,,,令和6年度改訂,小学校学習指導要領（平成29年告示）／令和6年度使用教科書世代,needs_review,Gemini調査結果（要公式確認）
U538,5,理科,物の溶け方,3,,水溶液の濃度と析出,溶解・飽和,,U637,令和6年度改訂,小学校学習指導要領（平成29年告示）／令和6年度使用教科書世代,needs_review,Gemini調査結果（要公式確認）
U539,5,理科,電磁石の性質,3,,電流と磁力・コイルの性質,電磁石・極,U434,U639,令和6年度改訂,小学校学習指導要領（平成29年告示）／令和6年度使用教科書世代,needs_review,Gemini調査結果（要公式確認）
U541,5,社会,世界の中の国土(地形・気候),1,,日本の位置と地形・気候の特色,緯度経度・気候区分,U441,,令和6年度改訂,小学校学習指導要領（平成29年告示）／令和6年度使用教科書世代,needs_review,Gemini調査結果（要公式確認）
U542,5,社会,農業と食料生産,1,,稲作や畜産と食料自給率問題,食料生産・自給率,U344,,令和6年度改訂,小学校学習指導要領（平成29年告示）／令和6年度使用教科書世代,needs_review,Gemini調査結果（要公式確認）
U543,5,社会,水産業のさかんな地域,1,,沿岸・沖合・遠洋漁業と養殖,水産業・海流,,,令和6年度改訂,小学校学習指導要領（平成29年告示）／令和6年度使用教科書世代,needs_review,Gemini調査結果（要公式確認）
U544,5,社会,工業生産,2,,自動車工業等を例に生産の工夫,工業地帯・貿易,,,令和6年度改訂,小学校学習指導要領（平成29年告示）／令和6年度使用教科書世代,needs_review,Gemini調査結果（要公式確認）
U545,5,社会,情報化社会と産業,3,,メディアの役割と情報の活用,情報通信・ネット,,,令和6年度改訂,小学校学習指導要領（平成29年告示）／令和6年度使用教科書世代,needs_review,Gemini調査結果（要公式確認）
U546,5,社会,環境を守る取り組み,3,,公害問題と持続可能な社会,SDGs・公害,,,令和6年度改訂,小学校学習指導要領（平成29年告示）／令和6年度使用教科書世代,needs_review,Gemini調査結果（要公式確認）
U551,5,外国語,名前のつづり・自己紹介,1,,アルファベットで名前を書く,Spelling/Name,U454,U651,令和6年度改訂,小学校学習指導要領（平成29年告示）／令和6年度使用教科書世代,needs_review,Gemini調査結果（要公式確認）
U552,5,外国語,誕生日と月,1,,When is your birthday? を学ぶ,Months/Dates,,,令和6年度改訂,小学校学習指導要領（平成29年告示）／令和6年度使用教科書世代,needs_review,Gemini調査結果（要公式確認）
U553,5,外国語,教科と時間割,1,,What subject do you like?,Subjects,,,令和6年度改訂,小学校学習指導要領（平成29年告示）／令和6年度使用教科書世代,needs_review,Gemini調査結果（要公式確認）
U554,5,外国語,できること(Can),2,,I can/can't ~ の表現,Ability,,,令和6年度改訂,小学校学習指導要領（平成29年告示）／令和6年度使用教科書世代,needs_review,Gemini調査結果（要公式確認）
U555,5,外国語,道案内と場所,2,,Where is ~? と道案内,Directions,,,令和6年度改訂,小学校学習指導要領（平成29年告示）／令和6年度使用教科書世代,needs_review,Gemini調査結果（要公式確認）
U556,5,外国語,ヒーロー・憧れの人を紹介する,3,,He/She is ~ で人物紹介,Hero/Pronouns,,,令和6年度改訂,小学校学習指導要領（平成29年告示）／令和6年度使用教科書世代,needs_review,Gemini調査結果（要公式確認）
U601,6,国語,漢字の基礎(6),1,,6年生の配当漢字を習得する,熟語の構成,U501,,令和6年度改訂,小学校学習指導要領（平成29年告示）／令和6年度使用教科書世代,needs_review,Gemini調査結果（要公式確認）
U602,6,国語,物語文の読解(6),1,,主題を深く読み取り自分の生き方と結びつける,主題・人物像,U503,,令和6年度改訂,小学校学習指導要領（平成29年告示）／令和6年度使用教科書世代,needs_review,Gemini調査結果（要公式確認）
U603,6,国語,説明文の読解(6),1,,筆者の論理展開の意図を評価する,論理の構成,U504,,令和6年度改訂,小学校学習指導要領（平成29年告示）／令和6年度使用教科書世代,needs_review,Gemini調査結果（要公式確認）
U604,6,国語,随筆の読解,2,,筆者の見方や感じ方を捉える,随筆・表現,,,令和6年度改訂,小学校学習指導要領（平成29年告示）／令和6年度使用教科書世代,needs_review,Gemini調査結果（要公式確認）
U605,6,国語,意見文・提案文の作成,2,,説得力のある提案文を書く,提案・根拠,U505,,令和6年度改訂,小学校学習指導要領（平成29年告示）／令和6年度使用教科書世代,needs_review,Gemini調査結果（要公式確認）
U606,6,国語,話し合いと合意形成,2,,異なる意見を調整し合意を形成する,合意形成,U506,,令和6年度改訂,小学校学習指導要領（平成29年告示）／令和6年度使用教科書世代,needs_review,Gemini調査結果（要公式確認）
U607,6,国語,古典への案内(狂言等),3,,室町時代などの古典文化に親しむ,狂言・古典,U507,,令和6年度改訂,小学校学習指導要領（平成29年告示）／令和6年度使用教科書世代,needs_review,Gemini調査結果（要公式確認）
U608,6,国語,情報の扱い(要約),3,,複数の情報を比較し要約する,要約・比較,,,令和6年度改訂,小学校学習指導要領（平成29年告示）／令和6年度使用教科書世代,needs_review,Gemini調査結果（要公式確認）
U609,6,国語,詩の鑑賞(6),3,,詩のテーマや言葉の深さを味わう,テーマ・主題,U509,,令和6年度改訂,小学校学習指導要領（平成29年告示）／令和6年度使用教科書世代,needs_review,Gemini調査結果（要公式確認）
U610,6,国語,卒業スピーチ,3,,将来の夢や感謝の気持ちを伝える,スピーチ・表現,,,令和6年度改訂,小学校学習指導要領（平成29年告示）／令和6年度使用教科書世代,needs_review,Gemini調査結果（要公式確認）
U611,6,算数,対称な図形,1,,線対称・点対称な図形の性質,対称・図形,U516,,令和6年度改訂,小学校学習指導要領（平成29年告示）／令和6年度使用教科書世代,needs_review,Gemini調査結果（要公式確認）
U612,6,算数,文字と式,1,,"未知数を x, y などの文字で表す",代数・方程式の基礎,,,令和6年度改訂,小学校学習指導要領（平成29年告示）／令和6年度使用教科書世代,needs_review,Gemini調査結果（要公式確認）
U613,6,算数,分数のかけ算,1,,分数×分数などの乗法計算,分数乗法,U518,,令和6年度改訂,小学校学習指導要領（平成29年告示）／令和6年度使用教科書世代,needs_review,Gemini調査結果（要公式確認）
U614,6,算数,分数のわり算,1,,分数÷分数などの除法計算,分数除法,U613,,令和6年度改訂,小学校学習指導要領（平成29年告示）／令和6年度使用教科書世代,needs_review,Gemini調査結果（要公式確認）
U615,6,算数,比と比の値,2,,等しい比や比の値の概念,比・割合,,,令和6年度改訂,小学校学習指導要領（平成29年告示）／令和6年度使用教科書世代,needs_review,Gemini調査結果（要公式確認）
U616,6,算数,拡大図と縮図,2,,図形の拡大・縮小の性質と作図,相似・縮尺,U611,,令和6年度改訂,小学校学習指導要領（平成29年告示）／令和6年度使用教科書世代,needs_review,Gemini調査結果（要公式確認）
U617,6,算数,円の面積,2,,円の面積の公式と求積,円の面積,U522,,令和6年度改訂,小学校学習指導要領（平成29年告示）／令和6年度使用教科書世代,needs_review,Gemini調査結果（要公式確認）
U618,6,算数,立体の体積,2,,角柱や円柱の体積計算,柱体の体積,U512,,令和6年度改訂,小学校学習指導要領（平成29年告示）／令和6年度使用教科書世代,needs_review,Gemini調査結果（要公式確認）
U619,6,算数,比例と反比例,3,,比例・反比例の式とグラフ,関数・グラフ,U513,,令和6年度改訂,小学校学習指導要領（平成29年告示）／令和6年度使用教科書世代,needs_review,Gemini調査結果（要公式確認）
U620,6,算数,データの活用,3,,ドットプロットや代表値の理解,統計・代表値,,,令和6年度改訂,小学校学習指導要領（平成29年告示）／令和6年度使用教科書世代,needs_review,Gemini調査結果（要公式確認）
U621,6,算数,量と単位のまとめ,3,,SI単位系やメートル法の総復習,単位換算,,,令和6年度改訂,小学校学習指導要領（平成29年告示）／令和6年度使用教科書世代,needs_review,Gemini調査結果（要公式確認）
U622,6,算数,算数のまとめ,3,,6年間の算数学習の総復習,総復習,,,令和6年度改訂,小学校学習指導要領（平成29年告示）／令和6年度使用教科書世代,needs_review,Gemini調査結果（要公式確認）
U631,6,理科,物の燃え方,1,,燃焼に必要な条件と酸素・二酸化炭素,燃焼・気体,,,令和6年度改訂,小学校学習指導要領（平成29年告示）／令和6年度使用教科書世代,needs_review,Gemini調査結果（要公式確認）
U632,6,理科,人の体のつくりと呼吸・消化,1,,呼吸・消化・血液循環の仕組み,臓器・生命維持,U433,,令和6年度改訂,小学校学習指導要領（平成29年告示）／令和6年度使用教科書世代,needs_review,Gemini調査結果（要公式確認）
U633,6,理科,植物の養分と水の通り道,1,,光合成と気孔・道管のはたらき,光合成・蒸散,,,令和6年度改訂,小学校学習指導要領（平成29年告示）／令和6年度使用教科書世代,needs_review,Gemini調査結果（要公式確認）
U634,6,理科,生き物と環境,2,,食物連鎖と自然界のバランス,食物連鎖・環境保全,,,令和6年度改訂,小学校学習指導要領（平成29年告示）／令和6年度使用教科書世代,needs_review,Gemini調査結果（要公式確認）
U635,6,理科,月と太陽,2,,月の満ち欠けと太陽との位置関係,満ち欠け・天体,U435,,令和6年度改訂,小学校学習指導要領（平成29年告示）／令和6年度使用教科書世代,needs_review,Gemini調査結果（要公式確認）
U636,6,理科,大地のつくりと変化,2,,地層の形成・化石と地震・火山,地層・化石・災害,U536,,令和6年度改訂,小学校学習指導要領（平成29年告示）／令和6年度使用教科書世代,needs_review,Gemini調査結果（要公式確認）
U637,6,理科,水溶液の性質,3,,酸性・アルカリ性と金属の変化,水溶液・化学変化,U538,,令和6年度改訂,小学校学習指導要領（平成29年告示）／令和6年度使用教科書世代,needs_review,Gemini調査結果（要公式確認）
U638,6,理科,てこのはたらき,3,,支点・力点・作用点と力のモーメント,てこの原理,,,令和6年度改訂,小学校学習指導要領（平成29年告示）／令和6年度使用教科書世代,needs_review,Gemini調査結果（要公式確認）
U639,6,理科,発電と電気の利用,3,,電気の変換とプログラミング制御,発電・蓄電・変換,U539,,令和6年度改訂,小学校学習指導要領（平成29年告示）／令和6年度使用教科書世代,needs_review,Gemini調査結果（要公式確認）
U641,6,社会,日本の政治のしくみ(憲法),1,,日本国憲法の三原則と基本的人権,憲法・主権,,,令和6年度改訂,小学校学習指導要領（平成29年告示）／令和6年度使用教科書世代,needs_review,Gemini調査結果（要公式確認）
U642,6,社会,国の政治(国会・内閣・裁判所),1,,三権分立と政治の働き,三権分立・選挙,,,令和6年度改訂,小学校学習指導要領（平成29年告示）／令和6年度使用教科書世代,needs_review,Gemini調査結果（要公式確認）
U643,6,社会,日本の歴史(縄文～室町),2,,狩猟から農耕、貴族と武士の政治,歴史人物・文化,,U644,令和6年度改訂,小学校学習指導要領（平成29年告示）／令和6年度使用教科書世代,needs_review,Gemini調査結果（要公式確認）
U644,6,社会,日本の歴史(戦国～江戸),2,,天下統一と幕府の政治・鎖国,幕府・町人文化,U643,U645,令和6年度改訂,小学校学習指導要領（平成29年告示）／令和6年度使用教科書世代,needs_review,Gemini調査結果（要公式確認）
U645,6,社会,日本の歴史(明治～現代),3,,近代化、戦争と平和、戦後の復興,明治維新・世界大戦,U644,,令和6年度改訂,小学校学習指導要領（平成29年告示）／令和6年度使用教科書世代,needs_review,Gemini調査結果（要公式確認）
U646,6,社会,世界の中の日本(国際協力),3,,世界の国々とのつながりと国連,国際交流・国連,,,令和6年度改訂,小学校学習指導要領（平成29年告示）／令和6年度使用教科書世代,needs_review,Gemini調査結果（要公式確認）
U651,6,外国語,出身地・国の紹介,1,,Where are you from? などの表現,Countries/Origins,U551,,令和6年度改訂,小学校学習指導要領（平成29年告示）／令和6年度使用教科書世代,needs_review,Gemini調査結果（要公式確認）
U652,6,外国語,日常生活の紹介(頻度),1,,"always, usuallyなどの頻度表現",Daily life/Adverbs,U456,,令和6年度改訂,小学校学習指導要領（平成29年告示）／令和6年度使用教科書世代,needs_review,Gemini調査結果（要公式確認）
U653,6,外国語,夏休みの思い出(過去形),2,,I went to ~ / I enjoyed ~ の過去形表現,Past tense/Vacation,,,令和6年度改訂,小学校学習指導要領（平成29年告示）／令和6年度使用教科書世代,needs_review,Gemini調査結果（要公式確認）
U654,6,外国語,学校行事の思い出,2,,My best memory is ~ の表現,School events,,,令和6年度改訂,小学校学習指導要領（平成29年告示）／令和6年度使用教科書世代,needs_review,Gemini調査結果（要公式確認）
U655,6,外国語,将来の夢(職業),3,,What do you want to be? を学ぶ,Jobs/Future,,,令和6年度改訂,小学校学習指導要領（平成29年告示）／令和6年度使用教科書世代,needs_review,Gemini調査結果（要公式確認）
U656,6,外国語,中学校での抱負,3,,I want to join the ~ club. の表現,Junior high school,,,令和6年度改訂,小学校学習指導要領（平成29年告示）／令和6年度使用教科書世代,needs_review,Gemini調査結果（要公式確認）
